[{"created_at":"Tue Feb 17 11:37:46 +0000 2015","id":567649101328564224,"id_str":"567649101328564224","text":"#SideProjects &amp; #Startups by @collis https:\/\/t.co\/oGwyJpK2F7 (25 minute talk from @rubyconf_au)","source":"\u003ca href=\"http:\/\/twitter.com\" rel=\"nofollow\"\u003eTwitter Web Client\u003c\/a\u003e","truncated":false,"in_reply_to_status_id":null,"in_reply_to_status_id_str":null,"in_reply_to_user_id":null,"in_reply_to_user_id_str":null,"in_reply_to_screen_name":null,"user":{"id":16582191,"id_str":"16582191","name":"Envato","screen_name":"envato","location":"Melbourne","profile_location":null,"description":"Envato is an ecosystem of sites to help you get creative.\n\nSupport Requests: @envato_help","url":"http:\/\/t.co\/5OvUThoMWI","entities":{"url":{"urls":[{"url":"http:\/\/t.co\/5OvUThoMWI","expanded_url":"http:\/\/envato.com","display_url":"envato.com","indices":[0,22]}]},"description":{"urls":[]}},"protected":false,"followers_count":50240,"friends_count":549,"listed_count":1778,"created_at":"Fri Oct 03 19:11:51 +0000 2008","favourites_count":300,"utc_offset":39600,"time_zone":"Melbourne","geo_enabled":false,"verified":false,"statuses_count":6239,"lang":"en","contributors_enabled":false,"is_translator":false,"is_translation_enabled":false,"profile_background_color":"323435","profile_background_image_url":"http:\/\/pbs.twimg.com\/profile_background_images\/378800000036129044\/4aaf87e960f30537daa1a0a0c3c4fc31.jpeg","profile_background_image_url_https":"https:\/\/pbs.twimg.com\/profile_background_images\/378800000036129044\/4aaf87e960f30537daa1a0a0c3c4fc31.jpeg","profile_background_tile":false,"profile_image_url":"http:\/\/pbs.twimg.com\/profile_images\/344513261572266825\/1316a31c9c4481517fbb3fca65e96f3d_normal.png","profile_image_url_https":"https:\/\/pbs.twimg.com\/profile_images\/344513261572266825\/1316a31c9c4481517fbb3fca65e96f3d_normal.png","profile_banner_url":"https:\/\/pbs.twimg.com\/profile_banners\/16582191\/1398308277","profile_link_color":"83B449","profile_sidebar_border_color":"FFFFFF","profile_sidebar_fill_color":"6C9450","profile_text_color":"242424","profile_use_background_image":true,"default_profile":false,"default_profile_image":false,"following":true,"follow_request_sent":false,"notifications":false},"geo":null,"coordinates":null,"place":null,"contributors":null,"retweet_count":7,"favorite_count":12,"entities":{"hashtags":[{"text":"SideProjects","indices":[0,13]},{"text":"Startups","indices":[20,29]}],"symbols":[],"user_mentions":[{"screen_name":"collis","name":"Collis","id":14282124,"id_str":"14282124","indices":[33,40]},{"screen_name":"rubyconf_au","name":"RubyConf Australia","id":592535210,"id_str":"592535210","indices":[86,98]}],"urls":[{"url":"https:\/\/t.co\/oGwyJpK2F7","expanded_url":"https:\/\/www.youtube.com\/watch?v=2RU03lE6hr8&feature=youtu.be","display_url":"youtube.com\/watch?v=2RU03l\u2026","indices":[41,64]}]},"favorited":false,"retweeted":false,"possibly_sensitive":false,"lang":"en"},{"created_at":"Tue Feb 17 02:34:59 +0000 2015","id":567512502389329920,"id_str":"567512502389329920","text":"RT @something_share: I'm going! Are you? Romanian Envato MeetUp http:\/\/t.co\/Xu8hdAfYtm #EnvatoMeetups","source":"\u003ca href=\"http:\/\/twitter.com\" rel=\"nofollow\"\u003eTwitter Web Client\u003c\/a\u003e","truncated":false,"in_reply_to_status_id":null,"in_reply_to_status_id_str":null,"in_reply_to_user_id":null,"in_reply_to_user_id_str":null,"in_reply_to_screen_name":null,"user":{"id":16582191,"id_str":"16582191","name":"Envato","screen_name":"envato","location":"Melbourne","profile_location":null,"description":"Envato is an ecosystem of sites to help you get creative.\n\nSupport Requests: @envato_help","url":"http:\/\/t.co\/5OvUThoMWI","entities":{"url":{"urls":[{"url":"http:\/\/t.co\/5OvUThoMWI","expanded_url":"http:\/\/envato.com","display_url":"envato.com","indices":[0,22]}]},"description":{"urls":[]}},"protected":false,"followers_count":50240,"friends_count":549,"listed_count":1778,"created_at":"Fri Oct 03 19:11:51 +0000 2008","favourites_count":300,"utc_offset":39600,"time_zone":"Melbourne","geo_enabled":false,"verified":false,"statuses_count":6239,"lang":"en","contributors_enabled":false,"is_translator":false,"is_translation_enabled":false,"profile_background_color":"323435","profile_background_image_url":"http:\/\/pbs.twimg.com\/profile_background_images\/378800000036129044\/4aaf87e960f30537daa1a0a0c3c4fc31.jpeg","profile_background_image_url_https":"https:\/\/pbs.twimg.com\/profile_background_images\/378800000036129044\/4aaf87e960f30537daa1a0a0c3c4fc31.jpeg","profile_background_tile":false,"profile_image_url":"http:\/\/pbs.twimg.com\/profile_images\/344513261572266825\/1316a31c9c4481517fbb3fca65e96f3d_normal.png","profile_image_url_https":"https:\/\/pbs.twimg.com\/profile_images\/344513261572266825\/1316a31c9c4481517fbb3fca65e96f3d_normal.png","profile_banner_url":"https:\/\/pbs.twimg.com\/profile_banners\/16582191\/1398308277","profile_link_color":"83B449","profile_sidebar_border_color":"FFFFFF","profile_sidebar_fill_color":"6C9450","profile_text_color":"242424","profile_use_background_image":true,"default_profile":false,"default_profile_image":false,"following":true,"follow_request_sent":false,"notifications":false},"geo":null,"coordinates":null,"place":null,"contributors":null,"retweeted_status":{"created_at":"Sun Feb 15 09:07:44 +0000 2015","id":566886568468942849,"id_str":"566886568468942849","text":"I'm going! Are you? Romanian Envato MeetUp http:\/\/t.co\/Xu8hdAfYtm #EnvatoMeetups","source":"\u003ca href=\"http:\/\/twitter.com\" rel=\"nofollow\"\u003eTwitter Web Client\u003c\/a\u003e","truncated":false,"in_reply_to_status_id":null,"in_reply_to_status_id_str":null,"in_reply_to_user_id":null,"in_reply_to_user_id_str":null,"in_reply_to_screen_name":null,"user":{"id":919707745,"id_str":"919707745","name":"Design Something ","screen_name":"something_share","location":"","profile_location":null,"description":"I'm passionate about creating beautiful designs accessible to everyone. DOWNLOAD FREEBIES FROM HERE http:\/\/t.co\/c8suIJSlAi OR http:\/\/t.co\/KnE0Zhn2R6","url":"http:\/\/t.co\/fEKcpMixRW","entities":{"url":{"urls":[{"url":"http:\/\/t.co\/fEKcpMixRW","expanded_url":"http:\/\/www.somethingdesign.net","display_url":"somethingdesign.net","indices":[0,22]}]},"description":{"urls":[{"url":"http:\/\/t.co\/c8suIJSlAi","expanded_url":"http:\/\/bit.ly\/1qA1nkE","display_url":"bit.ly\/1qA1nkE","indices":[100,122]},{"url":"http:\/\/t.co\/KnE0Zhn2R6","expanded_url":"http:\/\/bit.ly\/1n0Fwkr","display_url":"bit.ly\/1n0Fwkr","indices":[126,148]}]}},"protected":false,"followers_count":511,"friends_count":110,"listed_count":9,"created_at":"Thu Nov 01 19:26:26 +0000 2012","favourites_count":109,"utc_offset":7200,"time_zone":"Athens","geo_enabled":false,"verified":false,"statuses_count":705,"lang":"en","contributors_enabled":false,"is_translator":false,"is_translation_enabled":false,"profile_background_color":"131516","profile_background_image_url":"http:\/\/pbs.twimg.com\/profile_background_images\/471305665349029889\/6krEFlCI.png","profile_background_image_url_https":"https:\/\/pbs.twimg.com\/profile_background_images\/471305665349029889\/6krEFlCI.png","profile_background_tile":true,"profile_image_url":"http:\/\/pbs.twimg.com\/profile_images\/494866197951680512\/rC3s3QIZ_normal.png","profile_image_url_https":"https:\/\/pbs.twimg.com\/profile_images\/494866197951680512\/rC3s3QIZ_normal.png","profile_banner_url":"https:\/\/pbs.twimg.com\/profile_banners\/919707745\/1422189271","profile_link_color":"F52C2C","profile_sidebar_border_color":"FFFFFF","profile_sidebar_fill_color":"EFEFEF","profile_text_color":"333333","profile_use_background_image":true,"default_profile":false,"default_profile_image":false,"following":false,"follow_request_sent":false,"notifications":false},"geo":null,"coordinates":null,"place":null,"contributors":null,"retweet_count":3,"favorite_count":2,"entities":{"hashtags":[{"text":"EnvatoMeetups","indices":[66,80]}],"symbols":[],"user_mentions":[],"urls":[{"url":"http:\/\/t.co\/Xu8hdAfYtm","expanded_url":"http:\/\/nvite.co\/ee51","display_url":"nvite.co\/ee51","indices":[43,65]}]},"favorited":false,"retweeted":false,"possibly_sensitive":false,"lang":"en"},"retweet_count":3,"favorite_count":0,"entities":{"hashtags":[{"text":"EnvatoMeetups","indices":[87,101]}],"symbols":[],"user_mentions":[{"screen_name":"something_share","name":"Design Something ","id":919707745,"id_str":"919707745","indices":[3,19]}],"urls":[{"url":"http:\/\/t.co\/Xu8hdAfYtm","expanded_url":"http:\/\/nvite.co\/ee51","display_url":"nvite.co\/ee51","indices":[64,86]}]},"favorited":false,"retweeted":false,"possibly_sensitive":false,"lang":"en"},{"created_at":"Mon Feb 16 22:58:55 +0000 2015","id":567458127147048961,"id_str":"567458127147048961","text":"Big In Japan: Web Design in the Land of the Rising Sun http:\/\/t.co\/74LOn1S9SY http:\/\/t.co\/HrEGfnaMIx","source":"\u003ca href=\"http:\/\/twitter.com\" rel=\"nofollow\"\u003eTwitter Web Client\u003c\/a\u003e","truncated":false,"in_reply_to_status_id":null,"in_reply_to_status_id_str":null,"in_reply_to_user_id":null,"in_reply_to_user_id_str":null,"in_reply_to_screen_name":null,"user":{"id":16582191,"id_str":"16582191","name":"Envato","screen_name":"envato","location":"Melbourne","profile_location":null,"description":"Envato is an ecosystem of sites to help you get creative.\n\nSupport Requests: @envato_help","url":"http:\/\/t.co\/5OvUThoMWI","entities":{"url":{"urls":[{"url":"http:\/\/t.co\/5OvUThoMWI","expanded_url":"http:\/\/envato.com","display_url":"envato.com","indices":[0,22]}]},"description":{"urls":[]}},"protected":false,"followers_count":50240,"friends_count":549,"listed_count":1778,"created_at":"Fri Oct 03 19:11:51 +0000 2008","favourites_count":300,"utc_offset":39600,"time_zone":"Melbourne","geo_enabled":false,"verified":false,"statuses_count":6239,"lang":"en","contributors_enabled":false,"is_translator":false,"is_translation_enabled":false,"profile_background_color":"323435","profile_background_image_url":"http:\/\/pbs.twimg.com\/profile_background_images\/378800000036129044\/4aaf87e960f30537daa1a0a0c3c4fc31.jpeg","profile_background_image_url_https":"https:\/\/pbs.twimg.com\/profile_background_images\/378800000036129044\/4aaf87e960f30537daa1a0a0c3c4fc31.jpeg","profile_background_tile":false,"profile_image_url":"http:\/\/pbs.twimg.com\/profile_images\/344513261572266825\/1316a31c9c4481517fbb3fca65e96f3d_normal.png","profile_image_url_https":"https:\/\/pbs.twimg.com\/profile_images\/344513261572266825\/1316a31c9c4481517fbb3fca65e96f3d_normal.png","profile_banner_url":"https:\/\/pbs.twimg.com\/profile_banners\/16582191\/1398308277","profile_link_color":"83B449","profile_sidebar_border_color":"FFFFFF","profile_sidebar_fill_color":"6C9450","profile_text_color":"242424","profile_use_background_image":true,"default_profile":false,"default_profile_image":false,"following":true,"follow_request_sent":false,"notifications":false},"geo":null,"coordinates":null,"place":null,"contributors":null,"retweet_count":5,"favorite_count":4,"entities":{"hashtags":[],"symbols":[],"user_mentions":[],"urls":[{"url":"http:\/\/t.co\/74LOn1S9SY","expanded_url":"http:\/\/webdesign.tutsplus.com\/articles\/big-in-japan-web-design-in-the-land-of-the-rising-sun--cms-23290","display_url":"webdesign.tutsplus.com\/articles\/big-i\u2026","indices":[55,77]}],"media":[{"id":567458126069116931,"id_str":"567458126069116931","indices":[78,100],"media_url":"http:\/\/pbs.twimg.com\/media\/B-AEKL1CMAM1ILe.jpg","media_url_https":"https:\/\/pbs.twimg.com\/media\/B-AEKL1CMAM1ILe.jpg","url":"http:\/\/t.co\/HrEGfnaMIx","display_url":"pic.twitter.com\/HrEGfnaMIx","expanded_url":"http:\/\/twitter.com\/envato\/status\/567458127147048961\/photo\/1","type":"photo","sizes":{"large":{"w":600,"h":450,"resize":"fit"},"small":{"w":340,"h":255,"resize":"fit"},"medium":{"w":600,"h":450,"resize":"fit"},"thumb":{"w":150,"h":150,"resize":"crop"}}}]},"extended_entities":{"media":[{"id":567458126069116931,"id_str":"567458126069116931","indices":[78,100],"media_url":"http:\/\/pbs.twimg.com\/media\/B-AEKL1CMAM1ILe.jpg","media_url_https":"https:\/\/pbs.twimg.com\/media\/B-AEKL1CMAM1ILe.jpg","url":"http:\/\/t.co\/HrEGfnaMIx","display_url":"pic.twitter.com\/HrEGfnaMIx","expanded_url":"http:\/\/twitter.com\/envato\/status\/567458127147048961\/photo\/1","type":"photo","sizes":{"large":{"w":600,"h":450,"resize":"fit"},"small":{"w":340,"h":255,"resize":"fit"},"medium":{"w":600,"h":450,"resize":"fit"},"thumb":{"w":150,"h":150,"resize":"crop"}}}]},"favorited":false,"retweeted":false,"possibly_sensitive":false,"lang":"en"}]